"review_shop_photo_id","review_id","shop_id","member_id","photo_group_id","url","name","description","created_on","updated_on"
"1","2","2","4","1","/static/upload/1558004513864.png","ร้านส้มตำ","อร่อยจัง","2019-05-16 18:03:42","2019-05-24 06:17:17"
"2","4","2","4","1","/static/upload/1558095961588.png","shop","xxxxx","2019-05-17 19:27:08","2019-05-24 06:17:17"
"3","17","5","9","3","https://images.foodies.guru/undefined","test","d;;kda","2019-06-06 14:53:25","2019-06-06 14:53:25"
"4","17","5","9","1","https://images.foodies.guru/undefined","d","d","2019-06-06 14:53:25","2019-06-06 14:53:25"
"5","36","16","1","3","/static/upload/1560257599128.png","we","e","2019-06-11 19:53:34","2019-06-11 19:53:34"
"6","37","48","1","1","/static/upload/1560257767099.jpg","e","wqased","2019-06-11 19:57:30","2019-06-11 19:57:30"
"7","37","28","1","2","/static/upload/1560257834831.png","test","ewsr","2019-06-11 19:57:30","2019-06-11 19:57:30"
"8","38","1","1","2","https://images.foodies.guru/a/1560259644305.jpg","wers","wersf","2019-06-11 20:28:11","2019-06-11 20:28:11"
"9","39","36","1","1","/static/upload/1560332986400.jpg","fuku","fuku","2019-06-12 16:50:47","2019-06-12 16:50:47"
"10","40","36","3","1","https://images.foodies.guru/a/1560334648400.jpg","fuku","fuku","2019-06-12 17:18:12","2019-06-12 17:18:12"
"11","43","1","5","1","https://images.foodies.guru/a/1560413983236.png","ทดสอบ","ทดสอบร้านรีวิว","2019-06-13 15:20:09","2019-06-13 15:20:09"
"12","0","1","1","1","https://www.foodies.guru/images/home-cover.png","Image Title","Image Description","2019-06-20 15:52:18","2019-06-20 15:52:18"
"13","0","1","1","1","https://www.foodies.guru/images/home-cover.png","Image Title","Image Description","2019-06-20 15:52:22","2019-06-20 15:52:22"
"14","0","1","1","1","https://www.foodies.guru/images/home-cover.png","Image Title","Image Description","2019-06-20 15:52:23","2019-06-20 15:52:23"
"15","0","1","1","1","https://www.foodies.guru/images/home-cover.png","Image Title","Image Description","2019-06-20 15:52:23","2019-06-20 15:52:23"
"16","0","1","1","1","https://www.foodies.guru/images/home-cover.png","Image Title","Image Description","2019-06-20 15:52:24","2019-06-20 15:52:24"
"17","0","1","1","1","https://images.foodies.guru/a/home-cover.png","Image Title","Image Description","2019-06-20 15:53:19","2019-06-20 15:53:19"
"18","0","1","1","1","https://images.foodies.guru/a/home-cover.png","Image Title","Image Description","2019-06-20 16:12:17","2019-06-20 16:12:17"
"19","47","65039","1","2","/static/upload/1561078383835.jpg","3qw","3qwe","2019-06-21 07:53:18","2019-06-21 07:53:18"
"20","49","1","1","2","/static/upload/1561081904039.png","tedt","dsg","2019-06-21 08:51:59","2019-06-21 08:51:59"
"21","50","65041","1","1","https://images.foodies.guru/a/1561104399543.jpg","test","test","2019-06-21 15:07:19","2019-06-21 15:07:19"
"22","50","65041","1","1","https://images.foodies.guru/a/1561104421995.png","test","tes","2019-06-21 15:07:19","2019-06-21 15:07:19"
